INSERT INTO `users` VALUES (1,'username1','email@email1.com','$2a$12$XQ85hET3xC9lAuHPMiOgbOuNscykN4EvLlX8acXSR9jlTEWU3toXK','Morbi ornare elementum turpis, et mattis velit aliquam quis.','userimage1.jpg','2017-05-05 00:00:01',1),(2,'username2','email@email2.com','$2a$12$I3gOIC4x6FroUFyoXLc/QewX/mHqZ2GHpyo3K7SZVcrO1PAU5h1Ti','Pellentesque pretium at dolor id malesuada.','userimage2.jpg','2017-05-05 00:00:01',1),(3,'username3','email@email3.com','$2a$12$UexYshC3PVwUeGTQuING1uCbJlLeTwvhiYGFlnKBIxIbekGKe.A.G','Nunc purus enim, imperdiet eu enim eget, suscipit vulputate quam.','userimage3.jpg','2017-05-05 00:00:01',1),(4,'username4','email@email4.com','$2a$12$Qkgm9WpfmGAgTXG2bJriCeitaio1vf3R2EUnD3cPNokzvO724xczu','Pellentesque pretium at dolor id malesuada. Aenean vestibulum odio ac dictum varius. Morbi mollis sapien in mi consectetur, sed ornare eros egestas. Nulla dignissim dui at tempor efficitur. Donec mollis euismod tortor.','userimage4.jpg','2017-05-05 00:00:01',1),(5,'username5','email@email5.com','$2a$12$waGZE7BA2F3ShU.rMKjqBep/V8g/WPLOyb3SINne/odTfRAS3mb0W','Vivamus sodales convallis tempus','user-default.jpg','2017-05-05 00:00:01',1);

INSERT INTO `polls` VALUES (1,'Pellentesque interdum','Fusce mollis risus eget augue lacinia, ut fringilla erat hendrerit. Aenean vitae ultrices ex, at aliquet odio',25,1,'2017-05-05 00:00:01'),(4,'Suspendisse massa eros','Etiam ullamcorper mi facilisis odio feugiat posuere. Praesent aliquam risus tempor faucibus ullamcorper. Curabitur dui augue, sagittis eu sollicitudin bibendum, feugiat hendrerit lorem. Etiam ipsum ligula, rutrum volutpat malesuada sed, accumsan vel nibh.',4,1,'2017-05-05 00:00:01'),(5,'Lorem ipsum dolor','Nullam egestas, sapien ut vestibulum venenatis, dolor magna varius sapien, et commodo arcu dolor ac libero. Cras vitae lacus ut lorem tincidunt eleifend.',28,1,'2017-05-05 00:00:01'),(6,'Mauris viverra','Suspendisse massa eros, interdum ac lectus quis, varius mollis ipsum. Duis efficitur, orci at aliquam aliquet, quam leo fringilla lectus, in lobortis lectus magna non ante. Vivamus sodales convallis tempus.',13,1,'2017-05-05 00:00:01'),(7,'Nulla dignissim dui at tempor efficitur.','Ut nec mattis turpis. Morbi eu ipsum quis quam varius suscipit vel ac arcu. Aenean gravida metus at consectetur sollicitudin. Vestibulum ante ipsum primis in faucibus orci luctus et ultrices posuere cubilia Curae',34,2,'2017-05-05 00:00:01'),(8,'Proin consectetur vel erat nec posuere.','Suspendisse commodo metus vel vestibulum fermentum. Cras luctus diam aliquam erat congue, eget viverra libero facilisis. Aliquam erat volutpat. Morbi ornare elementum turpis, et mattis velit aliquam quis. Sed malesuada a libero ac ornare. Fusce mollis risus eget augue lacinia, ut fringilla erat hendrerit. Aenean vitae ultrices ex, at aliquet odio.',9,2,'2017-05-05 00:00:01'),(9,'Etiam eu sapien','Suspendisse massa eros, interdum ac lectus quis, varius mollis ipsum. Duis efficitur,',8,3,'2017-05-05 00:00:01'),(10,'Tempor magna nec tellus iaculis porta','Vestibulum in ligula mauris. Aenean turpis tellus, tincidunt id orci nec, pulvinar luctus ante. Etiam eu sapien convallis, sagittis dolor at, lobortis odio. Praesent vulputate libero tellus. Mauris suscipit nibh non diam blandit pharetra.',21,3,'2017-05-05 00:00:01'),(11,'Cras a posuere dolor','Curabitur nec suscipit felis, nec rutrum est. Morbi tempor eleifend interdum. Ut mattis mattis turpis nec aliquet. Vivamus ac leo sit amet quam bibendum ultrices ac sodales sem. Mauris condimentum dolor eu mauris venenatis, a semper purus imperdiet. Integer eu lorem id ipsum aliquam cursus sed ut magna',38,4,'2017-05-05 00:00:01');

INSERT INTO `options` VALUES (1,'faucibus orci luctus',13,1,'2017-05-05 00:00:01'),(2,'massa eros',6,1,'2017-05-05 00:00:01'),(3,'interdum',2,1,'2017-05-05 00:00:01'),(4,'ipsum quis',3,1,'2017-05-05 00:00:01'),(5,'Aliquam erat volutpat.',3,4,'2017-05-05 00:00:01'),(6,'Sed malesuada a libero ac ornare.',1,4,'2017-05-05 00:00:01'),(7,'varius pharetra odio finibus',5,5,'2017-05-05 00:00:01'),(8,'nulla dignissim dui',10,5,'2017-05-05 00:00:01'),(9,'fusce mollis risus eget',2,5,'2017-05-05 00:00:01'),(10,'massa eros',12,5,'2017-05-05 00:00:01'),(11,'cras turpis risus',1,6,'2017-05-05 00:00:01'),(12,'cras arcu massa',7,6,'2017-05-05 00:00:01'),(13,'cras luctus diam aliquam',5,6,'2017-05-05 00:00:01'),(14,'neque porro quisquam',7,7,'2017-05-05 00:00:01'),(15,'est qui dolorem ipsum',7,7,'2017-05-05 00:00:01'),(16,'quia dolor sit amet',7,7,'2017-05-05 00:00:01'),(17,'consectetur',7,7,'2017-05-05 00:00:01'),(18,' adipisci velit',7,7,'2017-05-05 00:00:01'),(19,'mollis euismod tortor',3,8,'2017-05-05 00:00:01'),(20,'orci at aliquam',6,8,'2017-05-05 00:00:01'),(21,'vulputate libero',4,9,'2017-05-05 00:00:01'),(22,'condimentum dolor eu',1,9,'2017-05-05 00:00:01'),(23,'diam massa',3,9,'2017-05-05 00:00:01'),(24,'facilisis tellus eu augue',3,10,'2017-05-05 00:00:01'),(25,'tempor nunc',18,10,'2017-05-05 00:00:01'),(26,'Mauris pharetra luctus magna nec malesuada',7,11,'2017-05-05 00:00:01'),(27,'eleifend fermentum',11,11,'2017-05-05 00:00:01'),(28,'apibus ipsum.',20,11,'2017-05-05 00:00:01');

INSERT INTO `authorities` VALUES ('username1','ROLE_USER'),('username2','ROLE_USER'),('username3','ROLE_USER'),('username4','ROLE_USER'),('username5','ROLE_USER');   

INSERT INTO `acl_sid` VALUES (1,1,'username1'),(2,1,'username2'),(3,1,'username3'),(4,1,'username4'),(5,1,'username5'),(6,1,'anonymousUser');

INSERT INTO `acl_class` VALUES (1,'com.pollapp.model.User'),(2,'com.pollapp.model.Poll');  

INSERT INTO `acl_object_identity` VALUES (1,1,1,NULL,1,1),(2,1,2,NULL,2,1),(3,1,3,NULL,3,1),(4,1,4,NULL,4,1),(5,1,5,NULL,5,1),(6,2,1,NULL,1,1),(7,2,4,NULL,1,1),(8,2,5,NULL,1,1),(9,2,6,NULL,1,1),(10,2,7,NULL,2,1),(11,2,8,NULL,2,1),(12,2,9,NULL,3,1),(13,2,10,NULL,3,1),(14,2,11,NULL,4,1);

INSERT INTO `acl_entry` VALUES (1,1,0,1,2,1,0,0),(2,1,1,1,1,1,0,0),(3,2,0,2,2,1,0,0),(4,2,1,2,1,1,0,0),(5,3,0,3,2,1,0,0),(6,3,1,3,1,1,0,0),(7,4,0,4,2,1,0,0),(8,4,1,4,1,1,0,0),(9,5,0,5,2,1,0,0),(10,5,1,5,1,1,0,0),(11,6,0,1,2,1,0,0),(12,6,1,1,1,1,0,0),(13,7,0,1,2,1,0,0),(14,7,1,1,1,1,0,0),(15,8,0,1,2,1,0,0),(16,8,1,1,1,1,0,0),(17,9,0,1,2,1,0,0),(18,9,1,1,1,1,0,0),(19,10,0,2,2,1,0,0),(20,10,1,2,1,1,0,0),(21,11,0,2,2,1,0,0),(22,11,1,2,1,1,0,0),(23,12,0,3,2,1,0,0),(24,12,1,3,1,1,0,0),(25,13,0,3,2,1,0,0),(26,13,1,3,1,1,0,0),(27,14,0,4,2,1,0,0),(28,14,1,4,1,1,0,0);  